<?xml version="1.0" encoding="UTF-8"?>
<beans xmlns="http://www.springframework.org/schema/beans"
	xmlns:tx="http://www.springframework.org/schema/tx"
	xmlns:xsi="http://www.w3.org/2001/XMLSchema-instance"
	xmlns:mybatis-spring="http://mybatis.org/schema/mybatis-spring"
	xmlns:context="http://www.springframework.org/schema/context"
	xsi:schemaLocation="http://mybatis.org/schema/mybatis-spring http://mybatis.org/schema/mybatis-spring-1.2.xsd
		http://www.springframework.org/schema/beans https://www.springframework.org/schema/beans/spring-beans.xsd
		
		http://www.springframework.org/schema/tx https://www.springframework.org/schema/tx/spring-tx.xsd
		
		http://www.springframework.org/schema/context http://www.springframework.org/schema/context/spring-context-4.3.xsd">

	<!-- Root Context: defines shared resources visible to all other web components -->
	<!-- 내가 추가한거 -->
	<!-- 커넥션 풀 - 아파치 - Commons DBCP 2.8.0 -->
	<bean id="dataSource"
		class="org.apache.commons.dbcp2.BasicDataSource"
		destroy-method="close">
		<!-- log4jdbc.log4j2 때문에 기존 코드 주석친거 -->
		<property name="driverClassName" value="com.mysql.cj.jdbc.Driver" />
		<property name="url" value="jdbc:mysql://localhost:3306/post_underdog" />
		<!-- 시작 끝-->
		<!-- log4jdbc.log4j2 때문에 수정 삽입한거 -->

		<property name="username" value="root" />
		<property name="password" value="root" />
	</bean>

	<!-- 내가 추가한거 -->
	<!-- SQLSessionFactiory -->
	<bean id="sqlSessionFactory"
		class="org.mybatis.spring.SqlSessionFactoryBean">
		<property name="dataSource" ref="dataSource"></property>
	</bean>

    <!-- 내가 추가한거 -->
    <!-- mybatis - mapper 설정 -->
    <mybatis-spring:scan
        base-package="com.project.mapper" /><!-- 패키지명에 맞게 수정 -->

    <!-- 내가 추가한거 -->

    <context:component-scan
        base-package="com.project.service">
    </context:component-scan>
    <context:component-scan
        base-package="com.project.controller">
    </context:component-scan>

	
	<!-- 	트랜잭션 설정 -->
	<bean id="transactionManager" class="org.springframework.jdbc.datasource.DataSourceTransactionManager">
    	<property name="dataSource" ref="dataSource" />
	</bean>
	<tx:annotation-driven transaction-manager="transactionManager" />
	

	
</beans>
